{"cameraMode":{"drawMode":0,"name":"Shaded","section":"Shading Mode"},"sceneLighting":true,"audioPlay":false,"sceneViewState":{"showFog":true,"showMaterialUpdate":false,"showSkybox":true,"showFlares":true,"showImageEffects":true,"showParticleSystems":true},"in2DMode":false,"pivot":{"x":-1.7411917448043824,"y":-0.28094637393951418,"z":-4.114771842956543},"rotation":{"x":-0.17091487348079682,"y":0.7754193544387817,"z":-0.2398551106452942,"w":-0.5593884587287903},"size":2.5066730976104738,"orthographic":false}